Question,Answer
1. What is the main focus of the Sustainable Development Goals (SDGs) mentioned in the text?,"The main focus of the Sustainable Development Goals (SDGs) mentioned in the text is to address global challenges such as ending extreme poverty, hunger, promoting good health, ensuring quality education, combating climate change, conserving ecosystems, promoting peace and justice, reducing inequality, and fostering sustainable economic growth and innovation."
2. How many countries came together to create the SDGs?,Leaders from 193 countries came together to create the Sustainable Development Goals (SDGs).
3. What is the goal related to poverty mentioned in the text?,"The goal related to poverty mentioned in the text is to ""End extreme poverty in all forms by 2030."""
4. How has hunger decreased in the past 20 years according to the text?,Hunger has decreased by almost half in the past 20 years. Many countries that used to suffer from famine and hunger can now meet the nutritional needs of their most vulnerable people.
5. What is the goal related to education and learning opportunities mentioned in the text?,"The goal related to education and learning opportunities mentioned in the text is to ""Ensure inclusive and equitable quality education and promote lifelong learning opportunities for all."""
6. How does the text address the issue of gender equality and empowerment?,"The text addresses the issue of gender equality and empowerment by highlighting the progress made in terms of girls' education, gender parity in primary education, and the increasing percentage of women getting paid for their work. It also mentions the Sustainable Development Goals aiming to end discrimination against women and girls everywhere."
7. What is the goal related to water and sanitation mentioned in the text?,"The goal related to water and sanitation mentioned in the text is ""Ensure availability and sustainable management of water and sanitation for all."""
8. How has access to electricity changed between 1990 and 2010 according to the text?,"Between 1990 and 2010, the number of people with access to electricity increased by 1.7 billion."
9. What is the goal related to economic growth and decent work mentioned in the text?,"The goal related to economic growth and decent work mentioned in the text is: ""PROMOTE SUSTAINED, INCLUSIVE AND SUSTAINABLE ECONOMIC GROWTH, FULL AND PRODUCTIVE EMPLOYMENT AND DECENT WORK FOR ALL."""
10. How does the text discuss the importance of technological progress in achieving sustainable development goals?,"The text discusses the importance of technological progress in achieving sustainable development goals by highlighting how technological advancements can help address global challenges such as creating jobs, becoming more energy-efficient, and promoting inclusive and sustainable industrialization. It mentions that technological progress can lead to interconnectedness and prosperity through the internet, allowing people worldwide to benefit from each other's contributions. Additionally, the text emphasizes the need to bridge the digital divide, promote sustainable industries, and invest in scientific research and innovation to facilitate sustainable development."
